"año";"mes";"categoria";"ventas";"ranking_categorias";"sum_acumulado_categoria";"venta_mensual_contra_promedio"
2023;1;Tecnología;2100000.00;1;2100000.00;Bajo el promedio
2023;1;Cocina;1240000.00;2;1240000.00;Bajo el promedio
2023;1;Audio;560000.00;3;560000.00;Bajo el promedio
2023;1;Iluminación;220000.00;4;220000.00;Bajo el promedio
2023;2;Cocina;1300000.00;1;2540000.00;Exitoso
2023;2;Electrodomésticos;810000.00;2;810000.00;Bajo el promedio
2023;2;Tecnología;380000.00;3;2480000.00;Bajo el promedio
2023;2;Accesorios;90000.00;4;90000.00;Bajo el promedio
2023;3;Tecnología;5370000.00;1;7850000.00;Exitoso
2023;3;Muebles;2240000.00;2;2240000.00;Exitoso
2023;3;Cocina;620000.00;3;3160000.00;Bajo el promedio
2023;3;Hogar;375000.00;4;375000.00;Bajo el promedio
2023;3;Accesorios;90000.00;5;180000.00;Bajo el promedio
2023;4;Audio;3395000.00;1;3955000.00;Exitoso
2023;4;Muebles;480000.00;2;2720000.00;Bajo el promedio
2023;5;Tecnología;4620000.00;1;12470000.00;Exitoso
2023;5;Cocina;440000.00;2;3600000.00;Bajo el promedio
2023;5;Hogar;330000.00;3;705000.00;Bajo el promedio
2023;5;Accesorios;45000.00;4;225000.00;Bajo el promedio
2023;6;Electrodomésticos;1620000.00;1;2430000.00;Bajo el promedio
2023;6;Muebles;1140000.00;2;3860000.00;Bajo el promedio
2023;6;Iluminación;520000.00;3;740000.00;Exitoso
2023;6;Accesorios;180000.00;4;405000.00;Bajo el promedio
2023;7;Electrodomésticos;7770000.00;1;10200000.00;Exitoso
2023;7;Accesorios;270000.00;2;675000.00;Bajo el promedio
2023;7;Iluminación;195000.00;3;935000.00;Bajo el promedio
2023;7;Audio;85000.00;4;4040000.00;Bajo el promedio
2023;8;Electrodomésticos;1860000.00;1;12060000.00;Bajo el promedio
2023;8;Cocina;1100000.00;2;4700000.00;Bajo el promedio
2023;8;Hogar;840000.00;3;1545000.00;Exitoso
2023;8;Accesorios;450000.00;4;1125000.00;Exitoso
2023;8;Iluminación;110000.00;5;1045000.00;Bajo el promedio
2023;9;Tecnología;5960000.00;1;18430000.00;Exitoso
2023;9;Hogar;750000.00;2;2295000.00;Exitoso
2023;9;Iluminación;110000.00;3;1155000.00;Bajo el promedio
2023;10;Electrodomésticos;9350000.00;1;21410000.00;Exitoso
2023;10;Tecnología;1520000.00;2;19950000.00;Bajo el promedio
2023;10;Iluminación;1080000.00;3;2235000.00;Exitoso
2023;10;Audio;280000.00;4;4320000.00;Bajo el promedio
2023;10;Cocina;260000.00;5;4960000.00;Bajo el promedio
2023;11;Muebles;2920000.00;1;6780000.00;Exitoso
2023;11;Iluminación;325000.00;2;2560000.00;Bajo el promedio
2023;11;Hogar;125000.00;3;2420000.00;Bajo el promedio
2023;11;Accesorios;90000.00;4;1215000.00;Bajo el promedio
2023;12;Electrodomésticos;1260000.00;1;22670000.00;Bajo el promedio
2023;12;Muebles;950000.00;2;7730000.00;Bajo el promedio
2023;12;Hogar;840000.00;3;3260000.00;Exitoso
2023;12;Accesorios;490000.00;4;1705000.00;Exitoso
2023;12;Tecnología;285000.00;5;20235000.00;Bajo el promedio
2024;1;Electrodomésticos;1350000.00;1;24020000.00;Bajo el promedio
2024;1;Hogar;1130000.00;2;4390000.00;Exitoso
2024;1;Audio;680000.00;3;5000000.00;Bajo el promedio
2024;2;Audio;1820000.00;1;6820000.00;Exitoso
2024;2;Electrodomésticos;1800000.00;2;25820000.00;Bajo el promedio
2024;2;Accesorios;90000.00;3;1795000.00;Bajo el promedio
2024;3;Tecnología;3580000.00;1;23815000.00;Bajo el promedio
2024;3;Muebles;1400000.00;2;9130000.00;Exitoso
2024;3;Iluminación;815000.00;3;3375000.00;Exitoso
2024;3;Cocina;780000.00;4;5740000.00;Bajo el promedio
2024;4;Hogar;630000.00;1;5020000.00;Bajo el promedio
2024;4;Muebles;560000.00;2;9690000.00;Bajo el promedio
2024;4;Tecnología;285000.00;3;24100000.00;Bajo el promedio
2024;4;Iluminación;65000.00;4;3440000.00;Bajo el promedio
2024;5;Tecnología;3895000.00;1;27995000.00;Exitoso
2024;5;Muebles;2240000.00;2;11930000.00;Exitoso
2024;5;Audio;340000.00;3;7160000.00;Bajo el promedio
2024;5;Hogar;125000.00;4;5145000.00;Bajo el promedio
2024;6;Cocina;2170000.00;1;7910000.00;Exitoso
2024;6;Electrodomésticos;1860000.00;2;27680000.00;Bajo el promedio
2024;6;Hogar;630000.00;3;5775000.00;Bajo el promedio
2024;6;Tecnología;420000.00;4;28415000.00;Bajo el promedio
2024;6;Accesorios;360000.00;5;2155000.00;Exitoso
2024;6;Iluminación;260000.00;6;3700000.00;Bajo el promedio
2024;7;Electrodomésticos;2480000.00;1;30160000.00;Bajo el promedio
2024;7;Muebles;1960000.00;2;13890000.00;Exitoso
2024;7;Hogar;1510000.00;3;7285000.00;Exitoso
2024;7;Cocina;260000.00;4;8170000.00;Bajo el promedio
2024;8;Cocina;880000.00;1;9050000.00;Bajo el promedio
2024;8;Audio;870000.00;2;8030000.00;Exitoso
2024;8;Hogar;660000.00;3;7945000.00;Bajo el promedio
2024;8;Tecnología;380000.00;4;28795000.00;Bajo el promedio
2024;8;Electrodomésticos;360000.00;5;30520000.00;Bajo el promedio
2024;9;Muebles;1580000.00;1;15470000.00;Exitoso
2024;9;Cocina;930000.00;2;9980000.00;Bajo el promedio
2024;9;Audio;580000.00;3;8610000.00;Bajo el promedio
2024;9;Iluminación;130000.00;4;3830000.00;Bajo el promedio
2024;9;Accesorios;45000.00;5;2200000.00;Bajo el promedio
2024;10;Tecnología;4395000.00;1;33190000.00;Exitoso
2024;10;Muebles;1200000.00;2;16670000.00;Bajo el promedio
2024;10;Audio;290000.00;3;8900000.00;Bajo el promedio
2024;11;Electrodomésticos;2480000.00;1;33000000.00;Bajo el promedio
2024;11;Cocina;1170000.00;2;11150000.00;Bajo el promedio
2024;11;Hogar;630000.00;3;8575000.00;Bajo el promedio
2024;11;Muebles;190000.00;4;16860000.00;Bajo el promedio
2024;11;Accesorios;135000.00;5;2335000.00;Bajo el promedio
2024;12;Cocina;1320000.00;1;12470000.00;Exitoso
2024;12;Tecnología;1140000.00;2;34330000.00;Bajo el promedio
2024;12;Audio;850000.00;3;9750000.00;Exitoso
2024;12;Accesorios;485000.00;4;2820000.00;Exitoso
2025;1;Tecnología;6000000.00;1;40330000.00;Exitoso
2025;1;Electrodomésticos;5720000.00;2;38720000.00;Exitoso
2025;1;Audio;580000.00;3;10330000.00;Bajo el promedio
2025;1;Cocina;310000.00;4;12780000.00;Bajo el promedio
2025;2;Tecnología;13580000.00;1;53910000.00;Exitoso
2025;2;Cocina;1240000.00;2;14020000.00;Bajo el promedio
2025;2;Accesorios;350000.00;3;3170000.00;Exitoso
2025;2;Audio;170000.00;4;10500000.00;Bajo el promedio
2025;3;Cocina;1100000.00;1;15120000.00;Bajo el promedio
2025;3;Muebles;840000.00;2;17700000.00;Bajo el promedio
2025;3;Iluminación;535000.00;3;4365000.00;Exitoso
2025;3;Audio;510000.00;4;11010000.00;Bajo el promedio
2025;4;Electrodomésticos;2700000.00;1;41420000.00;Bajo el promedio
2025;4;Accesorios;630000.00;2;3800000.00;Exitoso
2025;4;Audio;580000.00;3;11590000.00;Bajo el promedio
2025;4;Hogar;330000.00;4;8905000.00;Bajo el promedio
2025;5;Muebles;2640000.00;1;20340000.00;Exitoso
2025;5;Electrodomésticos;1350000.00;2;42770000.00;Bajo el promedio
2025;5;Cocina;650000.00;3;15770000.00;Bajo el promedio
2025;5;Hogar;550000.00;4;9455000.00;Bajo el promedio
2025;5;Iluminación;240000.00;5;4605000.00;Bajo el promedio
2025;6;Electrodomésticos;7120000.00;1;49890000.00;Exitoso
2025;6;Audio;3190000.00;2;14780000.00;Exitoso
2025;6;Accesorios;560000.00;3;4360000.00;Exitoso
2025;7;Electrodomésticos;5700000.00;1;55590000.00;Exitoso
2025;7;Muebles;1050000.00;2;21390000.00;Bajo el promedio
2025;7;Cocina;520000.00;3;16290000.00;Bajo el promedio
2025;7;Iluminación;440000.00;4;5045000.00;Exitoso
2025;8;Electrodomésticos;1700000.00;1;57290000.00;Bajo el promedio
2025;8;Muebles;1200000.00;2;22590000.00;Bajo el promedio
2025;8;Audio;735000.00;3;15515000.00;Bajo el promedio
2025;8;Cocina;390000.00;4;16680000.00;Bajo el promedio
2025;9;Tecnología;9660000.00;1;63570000.00;Exitoso
2025;9;Cocina;1760000.00;2;18440000.00;Exitoso
2025;9;Accesorios;210000.00;3;4570000.00;Bajo el promedio
2025;9;Audio;170000.00;4;15685000.00;Bajo el promedio
2025;10;Tecnología;5880000.00;1;69450000.00;Exitoso
2025;10;Electrodomésticos;1080000.00;2;58370000.00;Bajo el promedio
2025;10;Accesorios;315000.00;3;4885000.00;Exitoso
2025;11;Cocina;1980000.00;1;20420000.00;Exitoso
2025;11;Electrodomésticos;900000.00;2;59270000.00;Bajo el promedio
2025;11;Tecnología;665000.00;3;70115000.00;Bajo el promedio
2025;11;Accesorios;140000.00;4;5025000.00;Bajo el promedio
2025;12;Cocina;1630000.00;1;22050000.00;Exitoso
2025;12;Tecnología;1520000.00;2;71635000.00;Bajo el promedio
2025;12;Accesorios;630000.00;3;5655000.00;Exitoso
2026;1;Tecnología;10800000.00;1;82435000.00;Exitoso
2026;1;Electrodomésticos;6490000.00;2;65760000.00;Exitoso
2026;1;Cocina;520000.00;3;22570000.00;Bajo el promedio
2026;1;Iluminación;380000.00;4;5425000.00;Exitoso
2026;2;Tecnología;3635000.00;1;86070000.00;Bajo el promedio
2026;2;Cocina;1430000.00;2;24000000.00;Exitoso
2026;2;Iluminación;360000.00;3;5785000.00;Exitoso
2026;3;Cocina;5200000.00;1;29200000.00;Exitoso
2026;3;Electrodomésticos;2760000.00;2;68520000.00;Bajo el promedio
2026;3;Accesorios;360000.00;3;6015000.00;Exitoso
2026;4;Electrodomésticos;5650000.00;1;74170000.00;Exitoso
2026;4;Tecnología;2520000.00;2;88590000.00;Bajo el promedio
2026;4;Cocina;2020000.00;3;31220000.00;Exitoso
2026;4;Iluminación;455000.00;4;6240000.00;Exitoso
2026;4;Accesorios;140000.00;5;6155000.00;Bajo el promedio
2026;5;Cocina;3360000.00;1;34580000.00;Exitoso
2026;5;Electrodomésticos;900000.00;2;75070000.00;Bajo el promedio
2026;5;Tecnología;840000.00;3;89430000.00;Bajo el promedio
2026;5;Audio;420000.00;4;16105000.00;Bajo el promedio
2026;5;Iluminación;330000.00;5;6570000.00;Bajo el promedio
2026;5;Accesorios;250000.00;6;6405000.00;Bajo el promedio
2026;5;Hogar;250000.00;6;9705000.00;Bajo el promedio
2026;6;Tecnología;2100000.00;1;91530000.00;Bajo el promedio
2026;6;Electrodomésticos;1880000.00;2;76950000.00;Bajo el promedio
2026;6;Hogar;1465000.00;3;11170000.00;Exitoso
2026;6;Muebles;950000.00;4;23540000.00;Bajo el promedio
2026;6;Audio;425000.00;5;16530000.00;Bajo el promedio
2026;6;Accesorios;270000.00;6;6675000.00;Bajo el promedio
2026;7;Tecnología;3420000.00;1;94950000.00;Bajo el promedio
2026;7;Muebles;1400000.00;2;24940000.00;Exitoso
2026;7;Hogar;1260000.00;3;12430000.00;Exitoso
2026;7;Accesorios;790000.00;4;7465000.00;Exitoso
2026;7;Audio;420000.00;5;16950000.00;Bajo el promedio
2026;8;Electrodomésticos;3460000.00;1;80410000.00;Exitoso
2026;8;Audio;870000.00;2;17820000.00;Exitoso
2026;8;Hogar;500000.00;3;12930000.00;Bajo el promedio
2026;8;Cocina;260000.00;4;34840000.00;Bajo el promedio
2026;8;Iluminación;165000.00;5;6735000.00;Bajo el promedio
